Position,Name + ID,Name,ID,Roster Position,Salary,Game Info,TeamAbbrev,AvgPointsPerGame
RB,Christian McCaffrey (29526701),Christian McCaffrey,29526701,RB/FLEX,8900,SF@LAR 09/17/2023 04:05PM ET,SF,28.9
RB,Austin Ekeler (29526703),Austin Ekeler,29526703,RB/FLEX,8700,LAC@TEN 09/17/2023 01:00PM ET,LAC,29.4
QB,Patrick Mahomes (29526626),Patrick Mahomes,29526626,QB,8300,KC@JAX 09/17/2023 01:00PM ET,KC,20.54
WR,Stefon Diggs (29526975),Stefon Diggs,29526975,WR/FLEX,8000,LV@BUF 09/17/2023 01:00PM ET,BUF,29.2
RB,Saquon Barkley (29526705),Saquon Barkley,29526705,RB/FLEX,8000,NYG@ARI 09/17/2023 04:05PM ET,NYG,9.3
RB,Bijan Robinson (29526707),Bijan Robinson,29526707,RB/FLEX,7900,GB@ATL 09/17/2023 01:00PM ET,ATL,20.3
QB,Josh Allen (29526627),Josh Allen,29526627,QB,7900,LV@BUF 09/17/2023 01:00PM ET,BUF,13.04
WR,Ja'Marr Chase (29526977),Ja'Marr Chase,29526977,WR/FLEX,7900,BAL@CIN 09/17/2023 01:00PM ET,CIN,9.1
WR,Amon-Ra St. Brown (29526979),Amon-Ra St. Brown,29526979,WR/FLEX,7800,SEA@DET 09/17/2023 01:00PM ET,DET,19.1
QB,Lamar Jackson (29526628),Lamar Jackson,29526628,QB,7700,BAL@CIN 09/17/2023 01:00PM ET,BAL,8.56
WR,CeeDee Lamb (29526981),CeeDee Lamb,29526981,WR/FLEX,7700,NYJ@DAL 09/17/2023 04:25PM ET,DAL,11.7
WR,Davante Adams (29526983),Davante Adams,29526983,WR/FLEX,7600,LV@BUF 09/17/2023 01:00PM ET,LV,12.6
TE,Travis Kelce (29527415),Travis Kelce,29527415,TE/FLEX,7600,KC@JAX 09/17/2023 01:00PM ET,KC,0
QB,Justin Fields (29526629),Justin Fields,29526629,QB,7600,CHI@TB 09/17/2023 01:00PM ET,CHI,16.54
RB,Tony Pollard (29526709),Tony Pollard,29526709,RB/FLEX,7500,NYJ@DAL 09/17/2023 04:25PM ET,DAL,22.2
WR,Garrett Wilson (29526985),Garrett Wilson,29526985,WR/FLEX,7500,NYJ@DAL 09/17/2023 04:25PM ET,NYJ,14.4
RB,Derrick Henry (29526711),Derrick Henry,29526711,RB/FLEX,7400,LAC@TEN 09/17/2023 01:00PM ET,TEN,13.9
WR,Calvin Ridley (29526987),Calvin Ridley,29526987,WR/FLEX,7200,KC@JAX 09/17/2023 01:00PM ET,JAX,27.1
RB,Josh Jacobs (29526713),Josh Jacobs,29526713,RB/FLEX,7100,LV@BUF 09/17/2023 01:00PM ET,LV,9.1
WR,Keenan Allen (29526989),Keenan Allen,29526989,WR/FLEX,7100,LAC@TEN 09/17/2023 01:00PM ET,LAC,14.2
WR,DK Metcalf (29526991),DK Metcalf,29526991,WR/FLEX,7000,SEA@DET 09/17/2023 01:00PM ET,SEA,13.7
QB,Justin Herbert (29526630),Justin Herbert,29526630,QB,7000,LAC@TEN 09/17/2023 01:00PM ET,LAC,20.92
QB,Joe Burrow (29526631),Joe Burrow,29526631,QB,6900,BAL@CIN 09/17/2023 01:00PM ET,CIN,3.18
RB,Travis Etienne Jr. (29526715),Travis Etienne Jr.,29526715,RB/FLEX,6900,KC@JAX 09/17/2023 01:00PM ET,JAX,21.4
QB,Trevor Lawrence (29526632),Trevor Lawrence,29526632,QB,6700,KC@JAX 09/17/2023 01:00PM ET,JAX,18.74
WR,DeAndre Hopkins (29526993),DeAndre Hopkins,29526993,WR/FLEX,6700,LAC@TEN 09/17/2023 01:00PM ET,TEN,13.5
RB,Aaron Jones (29526717),Aaron Jones,29526717,RB/FLEX,6600,GB@ATL 09/17/2023 01:00PM ET,GB,26.7
QB,Dak Prescott (29526633),Dak Prescott,29526633,QB,6600,NYJ@DAL 09/17/2023 04:25PM ET,DAL,6.32
WR,Jerry Jeudy (29526995),Jerry Jeudy,29526995,WR/FLEX,6600,WAS@DEN 09/17/2023 04:25PM ET,DEN,0
RB,Joe Mixon (29526719),Joe Mixon,29526719,RB/FLEX,6500,BAL@CIN 09/17/2023 01:00PM ET,CIN,10.3
WR,Tee Higgins (29526997),Tee Higgins,29526997,WR/FLEX,6400,BAL@CIN 09/17/2023 01:00PM ET,CIN,0
QB,Aaron Rodgers (29526634),Aaron Rodgers,29526634,QB,6400,NYJ@DAL 09/17/2023 04:25PM ET,NYJ,0
TE,Mark Andrews (29527417),Mark Andrews,29527417,TE/FLEX,6300,BAL@CIN 09/17/2023 01:00PM ET,BAL,0
RB,Jahmyr Gibbs (29526721),Jahmyr Gibbs,29526721,RB/FLEX,6300,SEA@DET 09/17/2023 01:00PM ET,DET,8
QB,Anthony Richardson (29526635),Anthony Richardson,29526635,QB,6300,IND@HOU 09/17/2023 01:00PM ET,IND,21.92
WR,Michael Pittman Jr. (29526999),Michael Pittman Jr.,29526999,WR/FLEX,6300,IND@HOU 09/17/2023 01:00PM ET,IND,23.7
QB,Jared Goff (29526636),Jared Goff,29526636,QB,6200,SEA@DET 09/17/2023 01:00PM ET,DET,14.02
WR,Mike Evans (29527001),Mike Evans,29527001,WR/FLEX,6200,CHI@TB 09/17/2023 01:00PM ET,TB,18.6
RB,James Conner (29526723),James Conner,29526723,RB/FLEX,6200,NYG@ARI 09/17/2023 04:05PM ET,ARI,12
RB,James Cook (29526725),James Cook,29526725,RB/FLEX,6100,LV@BUF 09/17/2023 01:00PM ET,BUF,10.3
WR,Tyler Lockett (29527003),Tyler Lockett,29527003,WR/FLEX,6100,SEA@DET 09/17/2023 01:00PM ET,SEA,3
WR,Chris Godwin (29527005),Chris Godwin,29527005,WR/FLEX,6000,CHI@TB 09/17/2023 01:00PM ET,TB,10.1
QB,Daniel Jones (29526637),Daniel Jones,29526637,QB,6000,NYG@ARI 09/17/2023 04:05PM ET,NYG,6.46
RB,Dalvin Cook (29526727),Dalvin Cook,29526727,RB/FLEX,6000,NYJ@DAL 09/17/2023 04:25PM ET,NYJ,8.9
RB,AJ Dillon (29526731),AJ Dillon,29526731,RB/FLEX,5900,GB@ATL 09/17/2023 01:00PM ET,GB,5.6
WR,Christian Watson (29527007),Christian Watson,29527007,WR/FLEX,5900,GB@ATL 09/17/2023 01:00PM ET,GB,0
QB,Geno Smith (29526638),Geno Smith,29526638,QB,5900,SEA@DET 09/17/2023 01:00PM ET,SEA,9.08
RB,Breece Hall (29526729),Breece Hall,29526729,RB/FLEX,5900,NYJ@DAL 09/17/2023 04:25PM ET,NYJ,18.7
WR,Gabe Davis (29527009),Gabe Davis,29527009,WR/FLEX,5800,LV@BUF 09/17/2023 01:00PM ET,BUF,5.2
RB,David Montgomery (29526733),David Montgomery,29526733,RB/FLEX,5800,SEA@DET 09/17/2023 01:00PM ET,DET,13.4
RB,Kenneth Walker III (29526735),Kenneth Walker III,29526735,RB/FLEX,5800,SEA@DET 09/17/2023 01:00PM ET,SEA,10.7
WR,Brandon Aiyuk (29527011),Brandon Aiyuk,29527011,WR/FLEX,5800,SF@LAR 09/17/2023 04:05PM ET,SF,35.9
QB,Russell Wilson (29526639),Russell Wilson,29526639,QB,5800,WAS@DEN 09/17/2023 04:25PM ET,DEN,15.18
RB,Isiah Pacheco (29526737),Isiah Pacheco,29526737,RB/FLEX,5700,KC@JAX 09/17/2023 01:00PM ET,KC,9.4
WR,Mike Williams (29527013),Mike Williams,29527013,WR/FLEX,5700,LAC@TEN 09/17/2023 01:00PM ET,LAC,8.5
QB,Brock Purdy (29526640),Brock Purdy,29526640,QB,5700,SF@LAR 09/17/2023 04:05PM ET,SF,17.8
RB,Cam Akers (29526739),Cam Akers,29526739,RB/FLEX,5700,SF@LAR 09/17/2023 04:05PM ET,LAR,8.9
WR,Terry McLaurin (29527015),Terry McLaurin,29527015,WR/FLEX,5700,WAS@DEN 09/17/2023 04:25PM ET,WAS,5.1
RB,Dameon Pierce (29526743),Dameon Pierce,29526743,RB/FLEX,5600,IND@HOU 09/17/2023 01:00PM ET,HOU,6.7
QB,Matthew Stafford (29526641),Matthew Stafford,29526641,QB,5600,SF@LAR 09/17/2023 04:05PM ET,LAR,17.46
WR,Deebo Samuel (29527017),Deebo Samuel,29527017,WR/FLEX,5600,SF@LAR 09/17/2023 04:05PM ET,SF,11.3
RB,Javonte Williams (29526741),Javonte Williams,29526741,RB/FLEX,5600,WAS@DEN 09/17/2023 04:25PM ET,DEN,9.7
QB,Jordan Love (29526642),Jordan Love,29526642,QB,5500,GB@ATL 09/17/2023 01:00PM ET,GB,23
RB,Tyler Allgeier (29526747),Tyler Allgeier,29526747,RB/FLEX,5500,GB@ATL 09/17/2023 01:00PM ET,ATL,24.4
RB,Rachaad White (29526745),Rachaad White,29526745,RB/FLEX,5500,CHI@TB 09/17/2023 01:00PM ET,TB,6.9
WR,DJ Moore (29527019),DJ Moore,29527019,WR/FLEX,5500,CHI@TB 09/17/2023 01:00PM ET,CHI,4.5
TE,Darren Waller (29527419),Darren Waller,29527419,TE/FLEX,5500,NYG@ARI 09/17/2023 04:05PM ET,NYG,6.6
RB,Damien Harris (29526749),Damien Harris,29526749,RB/FLEX,5400,LV@BUF 09/17/2023 01:00PM ET,BUF,3.9
RB,Khalil Herbert (29526751),Khalil Herbert,29526751,RB/FLEX,5400,CHI@TB 09/17/2023 01:00PM ET,CHI,11.4
WR,Allen Lazard (29527023),Allen Lazard,29527023,WR/FLEX,5400,NYJ@DAL 09/17/2023 04:25PM ET,NYJ,6.6
QB,Sam Howell (29526643),Sam Howell,29526643,QB,5400,WAS@DEN 09/17/2023 04:25PM ET,WAS,17.18
WR,Courtland Sutton (29527021),Courtland Sutton,29527021,WR/FLEX,5400,WAS@DEN 09/17/2023 04:25PM ET,DEN,13.2
QB,Jimmy Garoppolo (29526644),Jimmy Garoppolo,29526644,QB,5300,LV@BUF 09/17/2023 01:00PM ET,LV,16.1
WR,Jakobi Meyers (29527025),Jakobi Meyers,29527025,WR/FLEX,5300,LV@BUF 09/17/2023 01:00PM ET,LV,29.1
RB,Gus Edwards (29526753),Gus Edwards,29526753,RB/FLEX,5300,BAL@CIN 09/17/2023 01:00PM ET,BAL,5.2
TE,George Kittle (29527421),George Kittle,29527421,TE/FLEX,5300,SF@LAR 09/17/2023 04:05PM ET,SF,4.9
QB,C.J. Stroud (29526645),C.J. Stroud,29526645,QB,5200,IND@HOU 09/17/2023 01:00PM ET,HOU,11.68
WR,Brandin Cooks (29527027),Brandin Cooks,29527027,WR/FLEX,5200,NYJ@DAL 09/17/2023 04:25PM ET,DAL,4.2
RB,Brian Robinson Jr. (29526755),Brian Robinson Jr.,29526755,RB/FLEX,5200,WAS@DEN 09/17/2023 04:25PM ET,WAS,13.6
WR,Rashod Bateman (29527031),Rashod Bateman,29527031,WR/FLEX,5100,BAL@CIN 09/17/2023 01:00PM ET,BAL,6.5
QB,Gardner Minshew II (29526646),Gardner Minshew II,29526646,QB,5100,IND@HOU 09/17/2023 01:00PM ET,IND,0
WR,Christian Kirk (29527029),Christian Kirk,29527029,WR/FLEX,5100,KC@JAX 09/17/2023 01:00PM ET,JAX,1.9
QB,Baker Mayfield (29526647),Baker Mayfield,29526647,QB,5100,CHI@TB 09/17/2023 01:00PM ET,TB,16.02
RB,Samaje Perine (29526757),Samaje Perine,29526757,RB/FLEX,5100,WAS@DEN 09/17/2023 04:25PM ET,DEN,11.8
QB,Desmond Ridder (29526650),Desmond Ridder,29526650,QB,5000,GB@ATL 09/17/2023 01:00PM ET,ATL,8.9
WR,Drake London (29527035),Drake London,29527035,WR/FLEX,5000,GB@ATL 09/17/2023 01:00PM ET,ATL,0
WR,Zay Flowers (29527037),Zay Flowers,29527037,WR/FLEX,5000,BAL@CIN 09/17/2023 01:00PM ET,BAL,17.7
QB,Ryan Tannehill (29526648),Ryan Tannehill,29526648,QB,5000,LAC@TEN 09/17/2023 01:00PM ET,TEN,5.42
RB,Joshua Kelley (29526761),Joshua Kelley,29526761,RB/FLEX,5000,LAC@TEN 09/17/2023 01:00PM ET,LAC,15.1
QB,Joshua Dobbs (29526649),Joshua Dobbs,29526649,QB,5000,NYG@ARI 09/17/2023 04:05PM ET,ARI,2.98
RB,Matt Breida (29526759),Matt Breida,29526759,RB/FLEX,5000,NYG@ARI 09/17/2023 04:05PM ET,NYG,1.6
WR,Isaiah Hodgins (29527033),Isaiah Hodgins,29527033,WR/FLEX,5000,NYG@ARI 09/17/2023 04:05PM ET,NYG,2.4
RB,Kyren Williams (29526763),Kyren Williams,29526763,RB/FLEX,5000,SF@LAR 09/17/2023 04:05PM ET,LAR,17.4
QB,Kyle Allen (29526651),Kyle Allen,29526651,QB,4900,LV@BUF 09/17/2023 01:00PM ET,BUF,0
RB,Justice Hill (29526769),Justice Hill,29526769,RB/FLEX,4900,BAL@CIN 09/17/2023 01:00PM ET,BAL,12.9
RB,Deon Jackson (29526767),Deon Jackson,29526767,RB/FLEX,4900,IND@HOU 09/17/2023 01:00PM ET,IND,5.8
RB,Roschon Johnson (29526765),Roschon Johnson,29526765,RB/FLEX,4900,CHI@TB 09/17/2023 01:00PM ET,CHI,17.5
QB,Tyrod Taylor (29526652),Tyrod Taylor,29526652,QB,4900,NYG@ARI 09/17/2023 04:05PM ET,NYG,0.24
WR,Marquise Brown (29527039),Marquise Brown,29527039,WR/FLEX,4900,NYG@ARI 09/17/2023 04:05PM ET,ARI,8.7
WR,Puka Nacua (29527041),Puka Nacua,29527041,WR/FLEX,4900,SF@LAR 09/17/2023 04:05PM ET,LAR,24.9
QB,Zach Wilson (29526653),Zach Wilson,29526653,QB,4900,NYJ@DAL 09/17/2023 04:25PM ET,NYJ,9.2
WR,Jahan Dotson (29527043),Jahan Dotson,29527043,WR/FLEX,4900,WAS@DEN 09/17/2023 04:25PM ET,WAS,9
RB,Patrick Taylor (29526773),Patrick Taylor,29526773,RB/FLEX,4800,GB@ATL 09/17/2023 01:00PM ET,GB,2.2
WR,Romeo Doubs (29527047),Romeo Doubs,29527047,WR/FLEX,4800,GB@ATL 09/17/2023 01:00PM ET,GB,18.6
WR,Nico Collins (29527045),Nico Collins,29527045,WR/FLEX,4800,IND@HOU 09/17/2023 01:00PM ET,HOU,14
TE,Evan Engram (29527423),Evan Engram,29527423,TE/FLEX,4800,KC@JAX 09/17/2023 01:00PM ET,JAX,9.9
QB,Trey Lance (29526654),Trey Lance,29526654,QB,4800,NYJ@DAL 09/17/2023 04:25PM ET,DAL,0
RB,Rico Dowdle (29526771),Rico Dowdle,29526771,RB/FLEX,4800,NYJ@DAL 09/17/2023 04:25PM ET,DAL,2.4
RB,Michael Carter (29526775),Michael Carter,29526775,RB/FLEX,4800,NYJ@DAL 09/17/2023 04:25PM ET,NYJ,3.8
RB,Antonio Gibson (29526777),Antonio Gibson,29526777,RB/FLEX,4800,WAS@DEN 09/17/2023 04:25PM ET,WAS,1.9
QB,Taylor Heinicke (29526657),Taylor Heinicke,29526657,QB,4700,GB@ATL 09/17/2023 01:00PM ET,ATL,0
WR,Odell Beckham Jr. (29527049),Odell Beckham Jr.,29527049,WR/FLEX,4700,BAL@CIN 09/17/2023 01:00PM ET,BAL,5.7
RB,Devin Singletary (29526781),Devin Singletary,29526781,RB/FLEX,4700,IND@HOU 09/17/2023 01:00PM ET,HOU,1.5
RB,Zack Moss (29526783),Zack Moss,29526783,RB/FLEX,4700,IND@HOU 09/17/2023 01:00PM ET,IND,0
RB,Tank Bigsby (29526785),Tank Bigsby,29526785,RB/FLEX,4700,KC@JAX 09/17/2023 01:00PM ET,JAX,6.3
WR,Zay Jones (29527051),Zay Jones,29527051,WR/FLEX,4700,KC@JAX 09/17/2023 01:00PM ET,JAX,16.5
QB,Easton Stick (29526655),Easton Stick,29526655,QB,4700,LAC@TEN 09/17/2023 01:00PM ET,LAC,0
QB,Will Levis (29526658),Will Levis,29526658,QB,4700,LAC@TEN 09/17/2023 01:00PM ET,TEN,0
WR,Tutu Atwell (29527053),Tutu Atwell,29527053,WR/FLEX,4700,SF@LAR 09/17/2023 04:05PM ET,LAR,20.9
QB,Cooper Rush (29526656),Cooper Rush,29526656,QB,4700,NYJ@DAL 09/17/2023 04:25PM ET,DAL,0
RB,Deuce Vaughn (29526779),Deuce Vaughn,29526779,RB/FLEX,4700,NYJ@DAL 09/17/2023 04:25PM ET,DAL,0.8
QB,Jacoby Brissett (29526659),Jacoby Brissett,29526659,QB,4700,WAS@DEN 09/17/2023 04:25PM ET,WAS,0
QB,Tyler Huntley (29526663),Tyler Huntley,29526663,QB,4600,BAL@CIN 09/17/2023 01:00PM ET,BAL,0
QB,Josh Johnson (29526664),Josh Johnson,29526664,QB,4600,BAL@CIN 09/17/2023 01:00PM ET,BAL,0
QB,Teddy Bridgewater (29526661),Teddy Bridgewater,29526661,QB,4600,SEA@DET 09/17/2023 01:00PM ET,DET,0
QB,Davis Mills (29526662),Davis Mills,29526662,QB,4600,IND@HOU 09/17/2023 01:00PM ET,HOU,0
WR,Robert Woods (29527057),Robert Woods,29527057,WR/FLEX,4600,IND@HOU 09/17/2023 01:00PM ET,HOU,11.7
RB,Jerick McKinnon (29526789),Jerick McKinnon,29526789,RB/FLEX,4600,KC@JAX 09/17/2023 01:00PM ET,KC,2
WR,Kadarius Toney (29527055),Kadarius Toney,29527055,WR/FLEX,4600,KC@JAX 09/17/2023 01:00PM ET,KC,1
RB,D'Onta Foreman (29526791),D'Onta Foreman,29526791,RB/FLEX,4600,CHI@TB 09/17/2023 01:00PM ET,CHI,4.4
RB,Tyjae Spears (29526793),Tyjae Spears,29526793,RB/FLEX,4600,LAC@TEN 09/17/2023 01:00PM ET,TEN,3.8
QB,Clayton Tune (29526665),Clayton Tune,29526665,QB,4600,NYG@ARI 09/17/2023 04:05PM ET,ARI,0
QB,Sam Darnold (29526660),Sam Darnold,29526660,QB,4600,SF@LAR 09/17/2023 04:05PM ET,SF,-0.2
RB,Elijah Mitchell (29526787),Elijah Mitchell,29526787,RB/FLEX,4600,SF@LAR 09/17/2023 04:05PM ET,SF,1
TE,Tyler Higbee (29527425),Tyler Higbee,29527425,TE/FLEX,4600,SF@LAR 09/17/2023 04:05PM ET,LAR,7.9
RB,Cordarrelle Patterson (29526799),Cordarrelle Patterson,29526799,RB/FLEX,4500,GB@ATL 09/17/2023 01:00PM ET,ATL,0
QB,Brian Hoyer (29526667),Brian Hoyer,29526667,QB,4500,LV@BUF 09/17/2023 01:00PM ET,LV,0
RB,Latavius Murray (29526795),Latavius Murray,29526795,RB/FLEX,4500,LV@BUF 09/17/2023 01:00PM ET,BUF,2.7
RB,Zach Charbonnet (29526801),Zach Charbonnet,29526801,RB/FLEX,4500,SEA@DET 09/17/2023 01:00PM ET,SEA,1.1
WR,Jaxon Smith-Njigba (29527061),Jaxon Smith-Njigba,29527061,WR/FLEX,4500,SEA@DET 09/17/2023 01:00PM ET,SEA,4.3
WR,Marquez Valdes-Scantling (29527059),Marquez Valdes-Scantling,29527059,WR/FLEX,4500,KC@JAX 09/17/2023 01:00PM ET,KC,6.8
QB,Kyle Trask (29526666),Kyle Trask,29526666,QB,4500,CHI@TB 09/17/2023 01:00PM ET,TB,0
WR,Treylon Burks (29527063),Treylon Burks,29527063,WR/FLEX,4500,LAC@TEN 09/17/2023 01:00PM ET,TEN,4.7
RB,Gary Brightwell (29526797),Gary Brightwell,29526797,RB/FLEX,4500,NYG@ARI 09/17/2023 04:05PM ET,NYG,3.1
QB,Sean Clifford (29526672),Sean Clifford,29526672,QB,4400,GB@ATL 09/17/2023 01:00PM ET,GB,0
RB,Zamir White (29526807),Zamir White,29526807,RB/FLEX,4400,LV@BUF 09/17/2023 01:00PM ET,LV,1.7
QB,Jake Browning (29526669),Jake Browning,29526669,QB,4400,BAL@CIN 09/17/2023 01:00PM ET,CIN,-0.1
RB,Melvin Gordon III (29526805),Melvin Gordon III,29526805,RB/FLEX,4400,BAL@CIN 09/17/2023 01:00PM ET,BAL,0
QB,Drew Lock (29526673),Drew Lock,29526673,QB,4400,SEA@DET 09/17/2023 01:00PM ET,SEA,0
RB,Evan Hull (29526803),Evan Hull,29526803,RB/FLEX,4400,IND@HOU 09/17/2023 01:00PM ET,IND,1.7
QB,Blaine Gabbert (29526670),Blaine Gabbert,29526670,QB,4400,KC@JAX 09/17/2023 01:00PM ET,KC,0
QB,Nathan Peterman (29526671),Nathan Peterman,29526671,QB,4400,CHI@TB 09/17/2023 01:00PM ET,CHI,0
WR,Darnell Mooney (29527067),Darnell Mooney,29527067,WR/FLEX,4400,CHI@TB 09/17/2023 01:00PM ET,CHI,15.3
TE,Cole Kmet (29527427),Cole Kmet,29527427,TE/FLEX,4400,CHI@TB 09/17/2023 01:00PM ET,CHI,9.4
WR,Darius Slayton (29527065),Darius Slayton,29527065,WR/FLEX,4400,NYG@ARI 09/17/2023 04:05PM ET,NYG,4.5
QB,Stetson Bennett (29526674),Stetson Bennett,29526674,QB,4400,SF@LAR 09/17/2023 04:05PM ET,LAR,0
QB,Brett Rypien (29526675),Brett Rypien,29526675,QB,4400,SF@LAR 09/17/2023 04:05PM ET,LAR,0
QB,Jarrett Stidham (29526668),Jarrett Stidham,29526668,QB,4400,WAS@DEN 09/17/2023 04:25PM ET,DEN,0
RB,Trayveon Williams (29526809),Trayveon Williams,29526809,RB/FLEX,4300,BAL@CIN 09/17/2023 01:00PM ET,CIN,0.7
RB,Jake Funk (29526813),Jake Funk,29526813,RB/FLEX,4300,IND@HOU 09/17/2023 01:00PM ET,IND,3.2
QB,C.J. Beathard (29526676),C.J. Beathard,29526676,QB,4300,KC@JAX 09/17/2023 01:00PM ET,JAX,0
RB,Clyde Edwards-Helaire (29526811),Clyde Edwards-Helaire,29526811,RB/FLEX,4300,KC@JAX 09/17/2023 01:00PM ET,KC,3.9
RB,Sean Tucker (29526815),Sean Tucker,29526815,RB/FLEX,4300,CHI@TB 09/17/2023 01:00PM ET,TB,4.4
RB,Keaontay Ingram (29526819),Keaontay Ingram,29526819,RB/FLEX,4300,NYG@ARI 09/17/2023 04:05PM ET,ARI,-0.4
WR,Van Jefferson (29527069),Van Jefferson,29527069,WR/FLEX,4300,SF@LAR 09/17/2023 04:05PM ET,LAR,6.4
RB,Israel Abanikanda (29526817),Israel Abanikanda,29526817,RB/FLEX,4300,NYJ@DAL 09/17/2023 04:25PM ET,NYJ,0
TE,Kyle Pitts (29527429),Kyle Pitts,29527429,TE/FLEX,4200,GB@ATL 09/17/2023 01:00PM ET,ATL,6.4
RB,Mike Boone (29526823),Mike Boone,29526823,RB/FLEX,4200,IND@HOU 09/17/2023 01:00PM ET,HOU,4.8
RB,Jordan Mason (29526821),Jordan Mason,29526821,RB/FLEX,4200,SF@LAR 09/17/2023 04:05PM ET,SF,0
WR,Michael Gallup (29527071),Michael Gallup,29527071,WR/FLEX,4200,NYJ@DAL 09/17/2023 04:25PM ET,DAL,2
RB,Chris Evans (29526825),Chris Evans,29526825,RB/FLEX,4100,BAL@CIN 09/17/2023 01:00PM ET,CIN,2.1
RB,DeeJay Dallas (29526829),DeeJay Dallas,29526829,RB/FLEX,4100,SEA@DET 09/17/2023 01:00PM ET,SEA,2.8
WR,Skyy Moore (29527073),Skyy Moore,29527073,WR/FLEX,4100,KC@JAX 09/17/2023 01:00PM ET,KC,0.4
RB,Chase Edmonds (29526827),Chase Edmonds,29526827,RB/FLEX,4100,CHI@TB 09/17/2023 01:00PM ET,TB,0.8
TE,Gerald Everett (29527431),Gerald Everett,29527431,TE/FLEX,4100,LAC@TEN 09/17/2023 01:00PM ET,LAC,4.3
DST,49ers  (29527675),49ers ,29527675,DST,4100,SF@LAR 09/17/2023 04:05PM ET,SF,13
QB,Logan Woodside (29526690),Logan Woodside,29526690,QB,4000,GB@ATL 09/17/2023 01:00PM ET,ATL,0
QB,Alex McGough (29526692),Alex McGough,29526692,QB,4000,GB@ATL 09/17/2023 01:00PM ET,GB,0
RB,Godwin Igwebuike (29526899),Godwin Igwebuike,29526899,RB/FLEX,4000,GB@ATL 09/17/2023 01:00PM ET,ATL,0
RB,Avery Williams (29526901),Avery Williams,29526901,RB/FLEX,4000,GB@ATL 09/17/2023 01:00PM ET,ATL,0
RB,B.J. Baylor (29526903),B.J. Baylor,29526903,RB/FLEX,4000,GB@ATL 09/17/2023 01:00PM ET,ATL,0
RB,Keith Smith (29526905),Keith Smith,29526905,RB/FLEX,4000,GB@ATL 09/17/2023 01:00PM ET,ATL,0
RB,Emanuel Wilson (29526911),Emanuel Wilson,29526911,RB/FLEX,4000,GB@ATL 09/17/2023 01:00PM ET,GB,0
RB,Henry Pearson (29526913),Henry Pearson,29526913,RB/FLEX,4000,GB@ATL 09/17/2023 01:00PM ET,GB,0
QB,Shane Buechele (29526677),Shane Buechele,29526677,QB,4000,LV@BUF 09/17/2023 01:00PM ET,BUF,0
QB,Aidan O'Connell (29526700),Aidan O'Connell,29526700,QB,4000,LV@BUF 09/17/2023 01:00PM ET,LV,0
RB,Nyheim Hines (29526831),Nyheim Hines,29526831,RB/FLEX,4000,LV@BUF 09/17/2023 01:00PM ET,BUF,0
RB,Ty Johnson (29526833),Ty Johnson,29526833,RB/FLEX,4000,LV@BUF 09/17/2023 01:00PM ET,BUF,0
RB,Reggie Gilliam (29526835),Reggie Gilliam,29526835,RB/FLEX,4000,LV@BUF 09/17/2023 01:00PM ET,BUF,0
RB,Ameer Abdullah (29526963),Ameer Abdullah,29526963,RB/FLEX,4000,LV@BUF 09/17/2023 01:00PM ET,LV,0
RB,Brandon Bolden (29526965),Brandon Bolden,29526965,RB/FLEX,4000,LV@BUF 09/17/2023 01:00PM ET,LV,0
RB,Brittain Brown (29526967),Brittain Brown,29526967,RB/FLEX,4000,LV@BUF 09/17/2023 01:00PM ET,LV,0
RB,Austin Walter (29526969),Austin Walter,29526969,RB/FLEX,4000,LV@BUF 09/17/2023 01:00PM ET,LV,0
RB,Jakob Johnson (29526971),Jakob Johnson,29526971,RB/FLEX,4000,LV@BUF 09/17/2023 01:00PM ET,LV,0
RB,Sincere McCormick (29526973),Sincere McCormick,29526973,RB/FLEX,4000,LV@BUF 09/17/2023 01:00PM ET,LV,0
QB,Will Grier (29526682),Will Grier,29526682,QB,4000,BAL@CIN 09/17/2023 01:00PM ET,CIN,0
RB,Chase Brown (29526861),Chase Brown,29526861,RB/FLEX,4000,BAL@CIN 09/17/2023 01:00PM ET,CIN,0
RB,Demetric Felton (29526863),Demetric Felton,29526863,RB/FLEX,4000,BAL@CIN 09/17/2023 01:00PM ET,CIN,0
RB,J.K. Dobbins (29526935),J.K. Dobbins,29526935,RB/FLEX,4000,BAL@CIN 09/17/2023 01:00PM ET,BAL,11.7
RB,Keaton Mitchell (29526943),Keaton Mitchell,29526943,RB/FLEX,4000,BAL@CIN 09/17/2023 01:00PM ET,BAL,0
RB,Owen Wright (29526945),Owen Wright,29526945,RB/FLEX,4000,BAL@CIN 09/17/2023 01:00PM ET,BAL,0
RB,Ben Mason (29526947),Ben Mason,29526947,RB/FLEX,4000,BAL@CIN 09/17/2023 01:00PM ET,BAL,0
RB,Patrick Ricard (29526949),Patrick Ricard,29526949,RB/FLEX,4000,BAL@CIN 09/17/2023 01:00PM ET,BAL,0
QB,Hendon Hooker (29526684),Hendon Hooker,29526684,QB,4000,SEA@DET 09/17/2023 01:00PM ET,DET,0
QB,Nate Sudfeld (29526685),Nate Sudfeld,29526685,QB,4000,SEA@DET 09/17/2023 01:00PM ET,DET,0
QB,David Blough (29526686),David Blough,29526686,QB,4000,SEA@DET 09/17/2023 01:00PM ET,DET,0
QB,Holton Ahlers (29526693),Holton Ahlers,29526693,QB,4000,SEA@DET 09/17/2023 01:00PM ET,SEA,0
RB,Craig Reynolds (29526875),Craig Reynolds,29526875,RB/FLEX,4000,SEA@DET 09/17/2023 01:00PM ET,DET,0
RB,Jason Cabinda (29526877),Jason Cabinda,29526877,RB/FLEX,4000,SEA@DET 09/17/2023 01:00PM ET,DET,0
RB,Zonovan Knight (29526879),Zonovan Knight,29526879,RB/FLEX,4000,SEA@DET 09/17/2023 01:00PM ET,DET,0
RB,Kenny McIntosh (29526915),Kenny McIntosh,29526915,RB/FLEX,4000,SEA@DET 09/17/2023 01:00PM ET,SEA,0
RB,SaRodorick Thompson Jr. (29526917),SaRodorick Thompson Jr.,29526917,RB/FLEX,4000,SEA@DET 09/17/2023 01:00PM ET,SEA,0
QB,Case Keenum (29526688),Case Keenum,29526688,QB,4000,IND@HOU 09/17/2023 01:00PM ET,HOU,0
QB,Sam Ehlinger (29526689),Sam Ehlinger,29526689,QB,4000,IND@HOU 09/17/2023 01:00PM ET,IND,0
RB,Dare Ogunbowale (29526887),Dare Ogunbowale,29526887,RB/FLEX,4000,IND@HOU 09/17/2023 01:00PM ET,HOU,0
RB,Troy Hairston (29526889),Troy Hairston,29526889,RB/FLEX,4000,IND@HOU 09/17/2023 01:00PM ET,HOU,0
RB,Andrew Beck (29526891),Andrew Beck,29526891,RB/FLEX,4000,IND@HOU 09/17/2023 01:00PM ET,HOU,0
RB,Larry Rountree III (29526893),Larry Rountree III,29526893,RB/FLEX,4000,IND@HOU 09/17/2023 01:00PM ET,HOU,0
RB,Jonathan Taylor (29526895),Jonathan Taylor,29526895,RB/FLEX,4000,IND@HOU 09/17/2023 01:00PM ET,IND,0
RB,Jason Huntley (29526897),Jason Huntley,29526897,RB/FLEX,4000,IND@HOU 09/17/2023 01:00PM ET,IND,0
TE,Dalton Schultz (29527433),Dalton Schultz,29527433,TE/FLEX,4000,IND@HOU 09/17/2023 01:00PM ET,HOU,2.4
QB,Chris Oladokun (29526683),Chris Oladokun,29526683,QB,4000,KC@JAX 09/17/2023 01:00PM ET,KC,0
QB,Nathan Rourke (29526696),Nathan Rourke,29526696,QB,4000,KC@JAX 09/17/2023 01:00PM ET,JAX,0
RB,Deneric Prince (29526871),Deneric Prince,29526871,RB/FLEX,4000,KC@JAX 09/17/2023 01:00PM ET,KC,0
RB,La'Mical Perine (29526873),La'Mical Perine,29526873,RB/FLEX,4000,KC@JAX 09/17/2023 01:00PM ET,KC,0
RB,JaMycal Hasty (29526925),JaMycal Hasty,29526925,RB/FLEX,4000,KC@JAX 09/17/2023 01:00PM ET,JAX,0
RB,D'Ernest Johnson (29526929),D'Ernest Johnson,29526929,RB/FLEX,4000,KC@JAX 09/17/2023 01:00PM ET,JAX,-0.4
RB,Derek Parish (29526931),Derek Parish,29526931,RB/FLEX,4000,KC@JAX 09/17/2023 01:00PM ET,JAX,0
RB,Snoop Conner (29526933),Snoop Conner,29526933,RB/FLEX,4000,KC@JAX 09/17/2023 01:00PM ET,JAX,0
QB,Tyson Bagent (29526687),Tyson Bagent,29526687,QB,4000,CHI@TB 09/17/2023 01:00PM ET,CHI,0
QB,John Wolford (29526691),John Wolford,29526691,QB,4000,CHI@TB 09/17/2023 01:00PM ET,TB,0
RB,Travis Homer (29526881),Travis Homer,29526881,RB/FLEX,4000,CHI@TB 09/17/2023 01:00PM ET,CHI,0
RB,Khari Blasingame (29526883),Khari Blasingame,29526883,RB/FLEX,4000,CHI@TB 09/17/2023 01:00PM ET,CHI,0
RB,Robert Burns (29526885),Robert Burns,29526885,RB/FLEX,4000,CHI@TB 09/17/2023 01:00PM ET,CHI,0
RB,Ke'Shawn Vaughn (29526907),Ke'Shawn Vaughn,29526907,RB/FLEX,4000,CHI@TB 09/17/2023 01:00PM ET,TB,0
RB,Patrick Laird (29526909),Patrick Laird,29526909,RB/FLEX,4000,CHI@TB 09/17/2023 01:00PM ET,TB,0
QB,Max Duggan (29526681),Max Duggan,29526681,QB,4000,LAC@TEN 09/17/2023 01:00PM ET,LAC,0
QB,Malik Willis (29526695),Malik Willis,29526695,QB,4000,LAC@TEN 09/17/2023 01:00PM ET,TEN,0
RB,Isaiah Spiller (29526849),Isaiah Spiller,29526849,RB/FLEX,4000,LAC@TEN 09/17/2023 01:00PM ET,LAC,0
RB,Elijah Dotson (29526859),Elijah Dotson,29526859,RB/FLEX,4000,LAC@TEN 09/17/2023 01:00PM ET,LAC,0
RB,Hassan Haskins (29526923),Hassan Haskins,29526923,RB/FLEX,4000,LAC@TEN 09/17/2023 01:00PM ET,TEN,0
RB,Julius Chestnut (29526927),Julius Chestnut,29526927,RB/FLEX,4000,LAC@TEN 09/17/2023 01:00PM ET,TEN,0
QB,Tommy DeVito (29526679),Tommy DeVito,29526679,QB,4000,NYG@ARI 09/17/2023 04:05PM ET,NYG,0
QB,Kyler Murray (29526698),Kyler Murray,29526698,QB,4000,NYG@ARI 09/17/2023 04:05PM ET,ARI,0
QB,Jeff Driskel (29526699),Jeff Driskel,29526699,QB,4000,NYG@ARI 09/17/2023 04:05PM ET,ARI,0
RB,Eric Gray (29526843),Eric Gray,29526843,RB/FLEX,4000,NYG@ARI 09/17/2023 04:05PM ET,NYG,0
RB,Taiwan Jones (29526845),Taiwan Jones,29526845,RB/FLEX,4000,NYG@ARI 09/17/2023 04:05PM ET,NYG,0
RB,Chris Myarick (29526847),Chris Myarick,29526847,RB/FLEX,4000,NYG@ARI 09/17/2023 04:05PM ET,NYG,0
RB,Corey Clement (29526951),Corey Clement,29526951,RB/FLEX,4000,NYG@ARI 09/17/2023 04:05PM ET,ARI,0
RB,Emari Demercado (29526953),Emari Demercado,29526953,RB/FLEX,4000,NYG@ARI 09/17/2023 04:05PM ET,ARI,0
RB,Marlon Mack (29526955),Marlon Mack,29526955,RB/FLEX,4000,NYG@ARI 09/17/2023 04:05PM ET,ARI,0
WR,Rondale Moore (29527075),Rondale Moore,29527075,WR/FLEX,4000,NYG@ARI 09/17/2023 04:05PM ET,ARI,7.5
QB,Brandon Allen (29526678),Brandon Allen,29526678,QB,4000,SF@LAR 09/17/2023 04:05PM ET,SF,0
RB,Tyrion Davis-Price (29526837),Tyrion Davis-Price,29526837,RB/FLEX,4000,SF@LAR 09/17/2023 04:05PM ET,SF,0
RB,Jack Colletto (29526839),Jack Colletto,29526839,RB/FLEX,4000,SF@LAR 09/17/2023 04:05PM ET,SF,0
RB,Kyle Juszczyk (29526841),Kyle Juszczyk,29526841,RB/FLEX,4000,SF@LAR 09/17/2023 04:05PM ET,SF,0
RB,Ronnie Rivers (29526957),Ronnie Rivers,29526957,RB/FLEX,4000,SF@LAR 09/17/2023 04:05PM ET,LAR,0
RB,Zach Evans (29526959),Zach Evans,29526959,RB/FLEX,4000,SF@LAR 09/17/2023 04:05PM ET,LAR,0
RB,Royce Freeman (29526961),Royce Freeman,29526961,RB/FLEX,4000,SF@LAR 09/17/2023 04:05PM ET,LAR,0
QB,Tim Boyle (29526694),Tim Boyle,29526694,QB,4000,NYJ@DAL 09/17/2023 04:25PM ET,NYJ,0
RB,Ronald Jones II (29526865),Ronald Jones II,29526865,RB/FLEX,4000,NYJ@DAL 09/17/2023 04:25PM ET,DAL,0
RB,Hunter Luepke (29526867),Hunter Luepke,29526867,RB/FLEX,4000,NYJ@DAL 09/17/2023 04:25PM ET,DAL,0
RB,Malik Davis (29526869),Malik Davis,29526869,RB/FLEX,4000,NYJ@DAL 09/17/2023 04:25PM ET,DAL,0
RB,Nick Bawden (29526919),Nick Bawden,29526919,RB/FLEX,4000,NYJ@DAL 09/17/2023 04:25PM ET,NYJ,0
RB,Xazavian Valladay (29526921),Xazavian Valladay,29526921,RB/FLEX,4000,NYJ@DAL 09/17/2023 04:25PM ET,NYJ,0
WR,Mecole Hardman Jr. (29527077),Mecole Hardman Jr.,29527077,WR/FLEX,4000,NYJ@DAL 09/17/2023 04:25PM ET,NYJ,0
DST,Cowboys  (29527676),Cowboys ,29527676,DST,4000,NYJ@DAL 09/17/2023 04:25PM ET,DAL,37
QB,Ben DiNucci (29526680),Ben DiNucci,29526680,QB,4000,WAS@DEN 09/17/2023 04:25PM ET,DEN,0
QB,Jake Fromm (29526697),Jake Fromm,29526697,QB,4000,WAS@DEN 09/17/2023 04:25PM ET,WAS,0
RB,Jaleel McLaughlin (29526851),Jaleel McLaughlin,29526851,RB/FLEX,4000,WAS@DEN 09/17/2023 04:25PM ET,DEN,0.3
RB,Tyler Badie (29526853),Tyler Badie,29526853,RB/FLEX,4000,WAS@DEN 09/17/2023 04:25PM ET,DEN,0
RB,Michael Burton (29526855),Michael Burton,29526855,RB/FLEX,4000,WAS@DEN 09/17/2023 04:25PM ET,DEN,1.3
RB,Dwayne Washington (29526857),Dwayne Washington,29526857,RB/FLEX,4000,WAS@DEN 09/17/2023 04:25PM ET,DEN,0
RB,Chris Rodriguez Jr. (29526937),Chris Rodriguez Jr.,29526937,RB/FLEX,4000,WAS@DEN 09/17/2023 04:25PM ET,WAS,0.7
RB,Derrick Gore (29526939),Derrick Gore,29526939,RB/FLEX,4000,WAS@DEN 09/17/2023 04:25PM ET,WAS,0
RB,Alex Armah (29526941),Alex Armah,29526941,RB/FLEX,4000,WAS@DEN 09/17/2023 04:25PM ET,WAS,0
WR,Curtis Samuel (29527079),Curtis Samuel,29527079,WR/FLEX,4000,WAS@DEN 09/17/2023 04:25PM ET,WAS,11
WR,Hunter Renfrow (29527081),Hunter Renfrow,29527081,WR/FLEX,3900,LV@BUF 09/17/2023 01:00PM ET,LV,0
TE,Sam LaPorta (29527435),Sam LaPorta,29527435,TE/FLEX,3900,SEA@DET 09/17/2023 01:00PM ET,DET,8.9
WR,Quentin Johnston (29527085),Quentin Johnston,29527085,WR/FLEX,3900,LAC@TEN 09/17/2023 01:00PM ET,LAC,2.9
WR,Jalin Hyatt (29527083),Jalin Hyatt,29527083,WR/FLEX,3900,NYG@ARI 09/17/2023 04:05PM ET,NYG,0
DST,Broncos  (29527677),Broncos ,29527677,DST,3900,WAS@DEN 09/17/2023 04:25PM ET,DEN,3
WR,Tyler Boyd (29527089),Tyler Boyd,29527089,WR/FLEX,3800,BAL@CIN 09/17/2023 01:00PM ET,CIN,3
WR,Rashee Rice (29527087),Rashee Rice,29527087,WR/FLEX,3800,KC@JAX 09/17/2023 01:00PM ET,KC,11.6
DST,Giants  (29527678),Giants ,29527678,DST,3800,NYG@ARI 09/17/2023 04:05PM ET,NYG,-1
WR,Mack Hollins (29527095),Mack Hollins,29527095,WR/FLEX,3700,GB@ATL 09/17/2023 01:00PM ET,ATL,6.1
WR,Khalil Shakir (29527091),Khalil Shakir,29527091,WR/FLEX,3700,LV@BUF 09/17/2023 01:00PM ET,BUF,0
DST,Bills  (29527679),Bills ,29527679,DST,3700,LV@BUF 09/17/2023 01:00PM ET,BUF,5
WR,Josh Reynolds (29527093),Josh Reynolds,29527093,WR/FLEX,3700,SEA@DET 09/17/2023 01:00PM ET,DET,12
WR,Marvin Jones Jr. (29527097),Marvin Jones Jr.,29527097,WR/FLEX,3600,SEA@DET 09/17/2023 01:00PM ET,DET,1.8
WR,John Metchie III (29527099),John Metchie III,29527099,WR/FLEX,3600,IND@HOU 09/17/2023 01:00PM ET,HOU,0
DST,Texans  (29527680),Texans ,29527680,DST,3600,IND@HOU 09/17/2023 01:00PM ET,HOU,8
TE,Greg Dulcich (29527437),Greg Dulcich,29527437,TE/FLEX,3600,WAS@DEN 09/17/2023 04:25PM ET,DEN,4.2
WR,Alec Pierce (29527105),Alec Pierce,29527105,WR/FLEX,3500,IND@HOU 09/17/2023 01:00PM ET,IND,1.5
DST,Chargers  (29527681),Chargers ,29527681,DST,3500,LAC@TEN 09/17/2023 01:00PM ET,LAC,0
WR,Parris Campbell (29527101),Parris Campbell,29527101,WR/FLEX,3500,NYG@ARI 09/17/2023 04:05PM ET,NYG,1.2
TE,Zach Ertz (29527439),Zach Ertz,29527439,TE/FLEX,3500,NYG@ARI 09/17/2023 04:05PM ET,ARI,8.1
WR,Marvin Mims Jr. (29527103),Marvin Mims Jr.,29527103,WR/FLEX,3500,WAS@DEN 09/17/2023 04:25PM ET,DEN,2.9
WR,Jayden Reed (29527115),Jayden Reed,29527115,WR/FLEX,3400,GB@ATL 09/17/2023 01:00PM ET,GB,6.6
WR,DeAndre Carter (29527119),DeAndre Carter,29527119,WR/FLEX,3400,LV@BUF 09/17/2023 01:00PM ET,LV,1.5
WR,Josh Downs (29527111),Josh Downs,29527111,WR/FLEX,3400,IND@HOU 09/17/2023 01:00PM ET,IND,6
DST,Colts  (29527682),Colts ,29527682,DST,3400,IND@HOU 09/17/2023 01:00PM ET,IND,11
WR,Richie James Jr. (29527109),Richie James Jr.,29527109,WR/FLEX,3400,KC@JAX 09/17/2023 01:00PM ET,KC,1.6
TE,Noah Gray (29527443),Noah Gray,29527443,TE/FLEX,3400,KC@JAX 09/17/2023 01:00PM ET,KC,6.1
WR,Trey Palmer (29527113),Trey Palmer,29527113,WR/FLEX,3400,CHI@TB 09/17/2023 01:00PM ET,TB,8.8
WR,Joshua Palmer (29527107),Joshua Palmer,29527107,WR/FLEX,3400,LAC@TEN 09/17/2023 01:00PM ET,LAC,1.4
WR,Randall Cobb (29527117),Randall Cobb,29527117,WR/FLEX,3400,NYJ@DAL 09/17/2023 04:25PM ET,NYJ,0
TE,Tyler Conklin (29527441),Tyler Conklin,29527441,TE/FLEX,3400,NYJ@DAL 09/17/2023 04:25PM ET,NYJ,1.2
WR,Deonte Harty (29527121),Deonte Harty,29527121,WR/FLEX,3300,LV@BUF 09/17/2023 01:00PM ET,BUF,4.3
TE,Dalton Kincaid (29527445),Dalton Kincaid,29527445,TE/FLEX,3300,LV@BUF 09/17/2023 01:00PM ET,BUF,6.6
DST,Bengals  (29527683),Bengals ,29527683,DST,3300,BAL@CIN 09/17/2023 01:00PM ET,CIN,7
WR,Justin Watson (29527123),Justin Watson,29527123,WR/FLEX,3300,KC@JAX 09/17/2023 01:00PM ET,KC,6.5
WR,Nick Westbrook-Ikhine (29527125),Nick Westbrook-Ikhine,29527125,WR/FLEX,3300,LAC@TEN 09/17/2023 01:00PM ET,TEN,9.8
TE,Chig Okonkwo (29527449),Chig Okonkwo,29527449,TE/FLEX,3300,LAC@TEN 09/17/2023 01:00PM ET,TEN,0
WR,Michael Wilson (29527127),Michael Wilson,29527127,WR/FLEX,3300,NYG@ARI 09/17/2023 04:05PM ET,ARI,3.9
TE,Jake Ferguson (29527447),Jake Ferguson,29527447,TE/FLEX,3300,NYJ@DAL 09/17/2023 04:25PM ET,DAL,3.1
TE,Luke Musgrave (29527455),Luke Musgrave,29527455,TE/FLEX,3200,GB@ATL 09/17/2023 01:00PM ET,GB,8
TE,Isaiah Likely (29527451),Isaiah Likely,29527451,TE/FLEX,3200,BAL@CIN 09/17/2023 01:00PM ET,BAL,1.4
TE,Irv Smith Jr. (29527453),Irv Smith Jr.,29527453,TE/FLEX,3200,BAL@CIN 09/17/2023 01:00PM ET,CIN,4.7
WR,Kalif Raymond (29527131),Kalif Raymond,29527131,WR/FLEX,3200,SEA@DET 09/17/2023 01:00PM ET,DET,3
WR,Tank Dell (29527135),Tank Dell,29527135,WR/FLEX,3200,IND@HOU 09/17/2023 01:00PM ET,HOU,6.4
WR,Chase Claypool (29527133),Chase Claypool,29527133,WR/FLEX,3200,CHI@TB 09/17/2023 01:00PM ET,CHI,0
DST,Buccaneers  (29527684),Buccaneers ,29527684,DST,3200,CHI@TB 09/17/2023 01:00PM ET,TB,9
WR,Jauan Jennings (29527129),Jauan Jennings,29527129,WR/FLEX,3200,SF@LAR 09/17/2023 04:05PM ET,SF,0
TE,Dawson Knox (29527457),Dawson Knox,29527457,TE/FLEX,3100,LV@BUF 09/17/2023 01:00PM ET,BUF,5.5
WR,Devin Duvernay (29527139),Devin Duvernay,29527139,WR/FLEX,3100,BAL@CIN 09/17/2023 01:00PM ET,BAL,0
DST,Chiefs  (29527685),Chiefs ,29527685,DST,3100,KC@JAX 09/17/2023 01:00PM ET,KC,4
TE,Cade Otton (29527459),Cade Otton,29527459,TE/FLEX,3100,CHI@TB 09/17/2023 01:00PM ET,TB,3.9
WR,Greg Dortch (29527141),Greg Dortch,29527141,WR/FLEX,3100,NYG@ARI 09/17/2023 04:05PM ET,ARI,0
WR,Lil'Jordan Humphrey (29527137),Lil'Jordan Humphrey,29527137,WR/FLEX,3100,WAS@DEN 09/17/2023 04:25PM ET,DEN,9.1
TE,Logan Thomas (29527461),Logan Thomas,29527461,TE/FLEX,3100,WAS@DEN 09/17/2023 04:25PM ET,WAS,8.3
DST,Commanders  (29527686),Commanders ,29527686,DST,3100,WAS@DEN 09/17/2023 04:25PM ET,WAS,11
WR,KhaDarel Hodge (29527281),KhaDarel Hodge,29527281,WR/FLEX,3000,GB@ATL 09/17/2023 01:00PM ET,ATL,0
WR,Josh Ali (29527283),Josh Ali,29527283,WR/FLEX,3000,GB@ATL 09/17/2023 01:00PM ET,ATL,0
WR,Penny Hart (29527285),Penny Hart,29527285,WR/FLEX,3000,GB@ATL 09/17/2023 01:00PM ET,ATL,0
WR,C.J. Saunders (29527287),C.J. Saunders,29527287,WR/FLEX,3000,GB@ATL 09/17/2023 01:00PM ET,ATL,0
WR,Mathew Sexton (29527289),Mathew Sexton,29527289,WR/FLEX,3000,GB@ATL 09/17/2023 01:00PM ET,ATL,0
WR,Zay Malone (29527291),Zay Malone,29527291,WR/FLEX,3000,GB@ATL 09/17/2023 01:00PM ET,ATL,0
WR,Scotty Miller (29527293),Scotty Miller,29527293,WR/FLEX,3000,GB@ATL 09/17/2023 01:00PM ET,ATL,0
WR,Malik Heath (29527307),Malik Heath,29527307,WR/FLEX,3000,GB@ATL 09/17/2023 01:00PM ET,GB,0
WR,Samori Toure (29527309),Samori Toure,29527309,WR/FLEX,3000,GB@ATL 09/17/2023 01:00PM ET,GB,3.8
WR,Dontayvion Wicks (29527311),Dontayvion Wicks,29527311,WR/FLEX,3000,GB@ATL 09/17/2023 01:00PM ET,GB,0
WR,Bo Melton (29527313),Bo Melton,29527313,WR/FLEX,3000,GB@ATL 09/17/2023 01:00PM ET,GB,0
WR,Grant DuBose (29527315),Grant DuBose,29527315,WR/FLEX,3000,GB@ATL 09/17/2023 01:00PM ET,GB,0
DST,Packers  (29527688),Packers ,29527688,DST,3000,GB@ATL 09/17/2023 01:00PM ET,GB,15
WR,Trent Sherfield (29527143),Trent Sherfield,29527143,WR/FLEX,3000,LV@BUF 09/17/2023 01:00PM ET,BUF,0
WR,Justin Shorter (29527145),Justin Shorter,29527145,WR/FLEX,3000,LV@BUF 09/17/2023 01:00PM ET,BUF,0
WR,Marcell Ateman (29527147),Marcell Ateman,29527147,WR/FLEX,3000,LV@BUF 09/17/2023 01:00PM ET,BUF,0
WR,Tyrell Shavers (29527149),Tyrell Shavers,29527149,WR/FLEX,3000,LV@BUF 09/17/2023 01:00PM ET,BUF,0
WR,Bryan Thompson (29527151),Bryan Thompson,29527151,WR/FLEX,3000,LV@BUF 09/17/2023 01:00PM ET,BUF,0
WR,Andy Isabella (29527153),Andy Isabella,29527153,WR/FLEX,3000,LV@BUF 09/17/2023 01:00PM ET,BUF,0
WR,Kristian Wilkerson (29527407),Kristian Wilkerson,29527407,WR/FLEX,3000,LV@BUF 09/17/2023 01:00PM ET,LV,0
WR,Tre Tucker (29527409),Tre Tucker,29527409,WR/FLEX,3000,LV@BUF 09/17/2023 01:00PM ET,LV,0
WR,Keelan Cole Sr. (29527411),Keelan Cole Sr.,29527411,WR/FLEX,3000,LV@BUF 09/17/2023 01:00PM ET,LV,0
WR,Marquez Callaway (29527413),Marquez Callaway,29527413,WR/FLEX,3000,LV@BUF 09/17/2023 01:00PM ET,LV,0
WR,Trenton Irwin (29527199),Trenton Irwin,29527199,WR/FLEX,3000,BAL@CIN 09/17/2023 01:00PM ET,CIN,0
WR,Charlie Jones (29527201),Charlie Jones,29527201,WR/FLEX,3000,BAL@CIN 09/17/2023 01:00PM ET,CIN,0
WR,Andrei Iosivas (29527203),Andrei Iosivas,29527203,WR/FLEX,3000,BAL@CIN 09/17/2023 01:00PM ET,CIN,0
WR,Stanley Morgan (29527205),Stanley Morgan,29527205,WR/FLEX,3000,BAL@CIN 09/17/2023 01:00PM ET,CIN,0
WR,Kwamie Lassiter II (29527207),Kwamie Lassiter II,29527207,WR/FLEX,3000,BAL@CIN 09/17/2023 01:00PM ET,CIN,0
WR,Shedrick Jackson (29527209),Shedrick Jackson,29527209,WR/FLEX,3000,BAL@CIN 09/17/2023 01:00PM ET,CIN,0
WR,Nelson Agholor (29527379),Nelson Agholor,29527379,WR/FLEX,3000,BAL@CIN 09/17/2023 01:00PM ET,BAL,0
WR,Tylan Wallace (29527381),Tylan Wallace,29527381,WR/FLEX,3000,BAL@CIN 09/17/2023 01:00PM ET,BAL,0
WR,Sean Ryan (29527383),Sean Ryan,29527383,WR/FLEX,3000,BAL@CIN 09/17/2023 01:00PM ET,BAL,0
WR,Laquon Treadwell (29527385),Laquon Treadwell,29527385,WR/FLEX,3000,BAL@CIN 09/17/2023 01:00PM ET,BAL,0
WR,Antoine Green (29527233),Antoine Green,29527233,WR/FLEX,3000,SEA@DET 09/17/2023 01:00PM ET,DET,0
WR,Jameson Williams (29527235),Jameson Williams,29527235,WR/FLEX,3000,SEA@DET 09/17/2023 01:00PM ET,DET,0
WR,Daurice Fountain (29527237),Daurice Fountain,29527237,WR/FLEX,3000,SEA@DET 09/17/2023 01:00PM ET,DET,0
WR,Dylan Drummond (29527239),Dylan Drummond,29527239,WR/FLEX,3000,SEA@DET 09/17/2023 01:00PM ET,DET,0
WR,Maurice Alexander (29527241),Maurice Alexander,29527241,WR/FLEX,3000,SEA@DET 09/17/2023 01:00PM ET,DET,0
WR,Jake Bobo (29527317),Jake Bobo,29527317,WR/FLEX,3000,SEA@DET 09/17/2023 01:00PM ET,SEA,0
WR,Cody Thompson (29527319),Cody Thompson,29527319,WR/FLEX,3000,SEA@DET 09/17/2023 01:00PM ET,SEA,0
WR,Dee Eskridge (29527321),Dee Eskridge,29527321,WR/FLEX,3000,SEA@DET 09/17/2023 01:00PM ET,SEA,0
WR,Dareke Young (29527323),Dareke Young,29527323,WR/FLEX,3000,SEA@DET 09/17/2023 01:00PM ET,SEA,0
WR,Ra'Shaun Henry (29527325),Ra'Shaun Henry,29527325,WR/FLEX,3000,SEA@DET 09/17/2023 01:00PM ET,SEA,0
WR,Matt Landers (29527327),Matt Landers,29527327,WR/FLEX,3000,SEA@DET 09/17/2023 01:00PM ET,SEA,0
WR,Cade Johnson (29527329),Cade Johnson,29527329,WR/FLEX,3000,SEA@DET 09/17/2023 01:00PM ET,SEA,0
WR,Easop Winston Jr. (29527331),Easop Winston Jr.,29527331,WR/FLEX,3000,SEA@DET 09/17/2023 01:00PM ET,SEA,0
DST,Lions  (29527687),Lions ,29527687,DST,3000,SEA@DET 09/17/2023 01:00PM ET,DET,9
WR,Noah Brown (29527255),Noah Brown,29527255,WR/FLEX,3000,IND@HOU 09/17/2023 01:00PM ET,HOU,4.9
WR,Xavier Hutchinson (29527257),Xavier Hutchinson,29527257,WR/FLEX,3000,IND@HOU 09/17/2023 01:00PM ET,HOU,1.9
WR,Jesse Matthews (29527259),Jesse Matthews,29527259,WR/FLEX,3000,IND@HOU 09/17/2023 01:00PM ET,HOU,0
WR,Steven Sims Jr. (29527261),Steven Sims Jr.,29527261,WR/FLEX,3000,IND@HOU 09/17/2023 01:00PM ET,HOU,0
WR,Johnny Johnson III (29527263),Johnny Johnson III,29527263,WR/FLEX,3000,IND@HOU 09/17/2023 01:00PM ET,HOU,0
WR,Lance McCutcheon (29527265),Lance McCutcheon,29527265,WR/FLEX,3000,IND@HOU 09/17/2023 01:00PM ET,HOU,0
WR,Amari Rodgers (29527267),Amari Rodgers,29527267,WR/FLEX,3000,IND@HOU 09/17/2023 01:00PM ET,IND,0
WR,Isaiah McKenzie (29527269),Isaiah McKenzie,29527269,WR/FLEX,3000,IND@HOU 09/17/2023 01:00PM ET,IND,0
WR,Juwann Winfree (29527271),Juwann Winfree,29527271,WR/FLEX,3000,IND@HOU 09/17/2023 01:00PM ET,IND,0
WR,Ashton Dulin (29527273),Ashton Dulin,29527273,WR/FLEX,3000,IND@HOU 09/17/2023 01:00PM ET,IND,0
WR,Mike Strachan (29527275),Mike Strachan,29527275,WR/FLEX,3000,IND@HOU 09/17/2023 01:00PM ET,IND,0
WR,D.J. Montgomery (29527277),D.J. Montgomery,29527277,WR/FLEX,3000,IND@HOU 09/17/2023 01:00PM ET,IND,0
WR,Racey McMath (29527279),Racey McMath,29527279,WR/FLEX,3000,IND@HOU 09/17/2023 01:00PM ET,IND,0
TE,Kylen Granson (29527465),Kylen Granson,29527465,TE/FLEX,3000,IND@HOU 09/17/2023 01:00PM ET,IND,7.9
WR,Justyn Ross (29527225),Justyn Ross,29527225,WR/FLEX,3000,KC@JAX 09/17/2023 01:00PM ET,KC,1.6
WR,Nikko Remigio (29527227),Nikko Remigio,29527227,WR/FLEX,3000,KC@JAX 09/17/2023 01:00PM ET,KC,0
WR,Cornell Powell (29527229),Cornell Powell,29527229,WR/FLEX,3000,KC@JAX 09/17/2023 01:00PM ET,KC,0
WR,Montrell Washington (29527231),Montrell Washington,29527231,WR/FLEX,3000,KC@JAX 09/17/2023 01:00PM ET,KC,0
WR,Jamal Agnew (29527351),Jamal Agnew,29527351,WR/FLEX,3000,KC@JAX 09/17/2023 01:00PM ET,JAX,-0.2
WR,Tim Jones (29527353),Tim Jones,29527353,WR/FLEX,3000,KC@JAX 09/17/2023 01:00PM ET,JAX,0
WR,Elijah Cooks (29527355),Elijah Cooks,29527355,WR/FLEX,3000,KC@JAX 09/17/2023 01:00PM ET,JAX,0
WR,Parker Washington (29527357),Parker Washington,29527357,WR/FLEX,3000,KC@JAX 09/17/2023 01:00PM ET,JAX,0
WR,Jaylon Moore (29527359),Jaylon Moore,29527359,WR/FLEX,3000,KC@JAX 09/17/2023 01:00PM ET,JAX,0
WR,Seth Williams (29527361),Seth Williams,29527361,WR/FLEX,3000,KC@JAX 09/17/2023 01:00PM ET,JAX,0
WR,Jacob Harris (29527363),Jacob Harris,29527363,WR/FLEX,3000,KC@JAX 09/17/2023 01:00PM ET,JAX,0
WR,Equanimeous St. Brown (29527243),Equanimeous St. Brown,29527243,WR/FLEX,3000,CHI@TB 09/17/2023 01:00PM ET,CHI,0
WR,Velus Jones Jr. (29527245),Velus Jones Jr.,29527245,WR/FLEX,3000,CHI@TB 09/17/2023 01:00PM ET,CHI,0
WR,Trent Taylor (29527247),Trent Taylor,29527247,WR/FLEX,3000,CHI@TB 09/17/2023 01:00PM ET,CHI,0
WR,Tyler Scott (29527249),Tyler Scott,29527249,WR/FLEX,3000,CHI@TB 09/17/2023 01:00PM ET,CHI,3.4
WR,Joe Reed (29527251),Joe Reed,29527251,WR/FLEX,3000,CHI@TB 09/17/2023 01:00PM ET,CHI,0
WR,Nsimba Webster (29527253),Nsimba Webster,29527253,WR/FLEX,3000,CHI@TB 09/17/2023 01:00PM ET,CHI,0
WR,Russell Gage (29527295),Russell Gage,29527295,WR/FLEX,3000,CHI@TB 09/17/2023 01:00PM ET,TB,0
WR,Deven Thompkins (29527297),Deven Thompkins,29527297,WR/FLEX,3000,CHI@TB 09/17/2023 01:00PM ET,TB,3
WR,Rakim Jarrett (29527299),Rakim Jarrett,29527299,WR/FLEX,3000,CHI@TB 09/17/2023 01:00PM ET,TB,0
WR,David Moore (29527301),David Moore,29527301,WR/FLEX,3000,CHI@TB 09/17/2023 01:00PM ET,TB,0
WR,Cephus Johnson III (29527303),Cephus Johnson III,29527303,WR/FLEX,3000,CHI@TB 09/17/2023 01:00PM ET,TB,0
WR,Ryan Miller (29527305),Ryan Miller,29527305,WR/FLEX,3000,CHI@TB 09/17/2023 01:00PM ET,TB,0
WR,Derius Davis (29527189),Derius Davis,29527189,WR/FLEX,3000,LAC@TEN 09/17/2023 01:00PM ET,LAC,1.5
WR,Jalen Guyton (29527191),Jalen Guyton,29527191,WR/FLEX,3000,LAC@TEN 09/17/2023 01:00PM ET,LAC,0
WR,Alex Erickson (29527193),Alex Erickson,29527193,WR/FLEX,3000,LAC@TEN 09/17/2023 01:00PM ET,LAC,0
WR,Terrell Bynum (29527195),Terrell Bynum,29527195,WR/FLEX,3000,LAC@TEN 09/17/2023 01:00PM ET,LAC,0
WR,Keelan Doss (29527197),Keelan Doss,29527197,WR/FLEX,3000,LAC@TEN 09/17/2023 01:00PM ET,LAC,0
WR,Chris Moore (29527339),Chris Moore,29527339,WR/FLEX,3000,LAC@TEN 09/17/2023 01:00PM ET,TEN,0
WR,Kearis Jackson (29527341),Kearis Jackson,29527341,WR/FLEX,3000,LAC@TEN 09/17/2023 01:00PM ET,TEN,0
WR,Colton Dowell (29527343),Colton Dowell,29527343,WR/FLEX,3000,LAC@TEN 09/17/2023 01:00PM ET,TEN,0
WR,Kyle Philips (29527345),Kyle Philips,29527345,WR/FLEX,3000,LAC@TEN 09/17/2023 01:00PM ET,TEN,0
WR,Tre'Shaun Harrison (29527347),Tre'Shaun Harrison,29527347,WR/FLEX,3000,LAC@TEN 09/17/2023 01:00PM ET,TEN,0
WR,Mason Kinsey (29527349),Mason Kinsey,29527349,WR/FLEX,3000,LAC@TEN 09/17/2023 01:00PM ET,TEN,0
WR,Wan'Dale Robinson (29527169),Wan'Dale Robinson,29527169,WR/FLEX,3000,NYG@ARI 09/17/2023 04:05PM ET,NYG,0
WR,Sterling Shepard (29527171),Sterling Shepard,29527171,WR/FLEX,3000,NYG@ARI 09/17/2023 04:05PM ET,NYG,0
WR,Bryce Ford-Wheaton (29527173),Bryce Ford-Wheaton,29527173,WR/FLEX,3000,NYG@ARI 09/17/2023 04:05PM ET,NYG,0
WR,Cam Sims (29527175),Cam Sims,29527175,WR/FLEX,3000,NYG@ARI 09/17/2023 04:05PM ET,NYG,0
WR,Dennis Houston (29527177),Dennis Houston,29527177,WR/FLEX,3000,NYG@ARI 09/17/2023 04:05PM ET,NYG,0
WR,Zach Pascal (29527387),Zach Pascal,29527387,WR/FLEX,3000,NYG@ARI 09/17/2023 04:05PM ET,ARI,0
WR,Daniel Arias (29527389),Daniel Arias,29527389,WR/FLEX,3000,NYG@ARI 09/17/2023 04:05PM ET,ARI,0
WR,Andre Baccellia (29527391),Andre Baccellia,29527391,WR/FLEX,3000,NYG@ARI 09/17/2023 04:05PM ET,ARI,0
WR,Kaden Davis (29527393),Kaden Davis,29527393,WR/FLEX,3000,NYG@ARI 09/17/2023 04:05PM ET,ARI,0
WR,Ray-Ray McCloud III (29527155),Ray-Ray McCloud III,29527155,WR/FLEX,3000,SF@LAR 09/17/2023 04:05PM ET,SF,0
WR,Ronnie Bell (29527157),Ronnie Bell,29527157,WR/FLEX,3000,SF@LAR 09/17/2023 04:05PM ET,SF,0
WR,Danny Gray (29527159),Danny Gray,29527159,WR/FLEX,3000,SF@LAR 09/17/2023 04:05PM ET,SF,0
WR,Chris Conley (29527161),Chris Conley,29527161,WR/FLEX,3000,SF@LAR 09/17/2023 04:05PM ET,SF,0
WR,Tay Martin (29527163),Tay Martin,29527163,WR/FLEX,3000,SF@LAR 09/17/2023 04:05PM ET,SF,0
WR,Isaiah Winstead (29527165),Isaiah Winstead,29527165,WR/FLEX,3000,SF@LAR 09/17/2023 04:05PM ET,SF,0
WR,Willie Snead IV (29527167),Willie Snead IV,29527167,WR/FLEX,3000,SF@LAR 09/17/2023 04:05PM ET,SF,0
WR,Cooper Kupp (29527395),Cooper Kupp,29527395,WR/FLEX,3000,SF@LAR 09/17/2023 04:05PM ET,LAR,0
WR,Ben Skowronek (29527397),Ben Skowronek,29527397,WR/FLEX,3000,SF@LAR 09/17/2023 04:05PM ET,LAR,0
WR,Demarcus Robinson (29527399),Demarcus Robinson,29527399,WR/FLEX,3000,SF@LAR 09/17/2023 04:05PM ET,LAR,0
WR,Xavier Smith (29527401),Xavier Smith,29527401,WR/FLEX,3000,SF@LAR 09/17/2023 04:05PM ET,LAR,0
WR,Austin Trammell (29527403),Austin Trammell,29527403,WR/FLEX,3000,SF@LAR 09/17/2023 04:05PM ET,LAR,0
WR,Tyler Johnson (29527405),Tyler Johnson,29527405,WR/FLEX,3000,SF@LAR 09/17/2023 04:05PM ET,LAR,0
WR,Jalen Tolbert (29527211),Jalen Tolbert,29527211,WR/FLEX,3000,NYJ@DAL 09/17/2023 04:25PM ET,DAL,0
WR,John Stephens Jr. (29527213),John Stephens Jr.,29527213,WR/FLEX,3000,NYJ@DAL 09/17/2023 04:25PM ET,DAL,0
WR,KaVontae Turpin (29527215),KaVontae Turpin,29527215,WR/FLEX,3000,NYJ@DAL 09/17/2023 04:25PM ET,DAL,10.5
WR,Jalen Brooks (29527217),Jalen Brooks,29527217,WR/FLEX,3000,NYJ@DAL 09/17/2023 04:25PM ET,DAL,0
WR,David Durden (29527219),David Durden,29527219,WR/FLEX,3000,NYJ@DAL 09/17/2023 04:25PM ET,DAL,0
WR,Jalen Cropper (29527221),Jalen Cropper,29527221,WR/FLEX,3000,NYJ@DAL 09/17/2023 04:25PM ET,DAL,0
WR,Tyron Billy-Johnson (29527223),Tyron Billy-Johnson,29527223,WR/FLEX,3000,NYJ@DAL 09/17/2023 04:25PM ET,DAL,0
WR,Irvin Charles (29527333),Irvin Charles,29527333,WR/FLEX,3000,NYJ@DAL 09/17/2023 04:25PM ET,NYJ,0
WR,Jason Brownlee (29527335),Jason Brownlee,29527335,WR/FLEX,3000,NYJ@DAL 09/17/2023 04:25PM ET,NYJ,0
WR,Xavier Gipson (29527337),Xavier Gipson,29527337,WR/FLEX,3000,NYJ@DAL 09/17/2023 04:25PM ET,NYJ,6
WR,Tim Patrick (29527179),Tim Patrick,29527179,WR/FLEX,3000,WAS@DEN 09/17/2023 04:25PM ET,DEN,0
WR,Brandon Johnson (29527181),Brandon Johnson,29527181,WR/FLEX,3000,WAS@DEN 09/17/2023 04:25PM ET,DEN,5.1
WR,Phillip Dorsett II (29527183),Phillip Dorsett II,29527183,WR/FLEX,3000,WAS@DEN 09/17/2023 04:25PM ET,DEN,0
WR,Jalen Virgil (29527185),Jalen Virgil,29527185,WR/FLEX,3000,WAS@DEN 09/17/2023 04:25PM ET,DEN,0
WR,David Sills V (29527187),David Sills V,29527187,WR/FLEX,3000,WAS@DEN 09/17/2023 04:25PM ET,DEN,0
WR,Dyami Brown (29527365),Dyami Brown,29527365,WR/FLEX,3000,WAS@DEN 09/17/2023 04:25PM ET,WAS,0
WR,Byron Pringle (29527367),Byron Pringle,29527367,WR/FLEX,3000,WAS@DEN 09/17/2023 04:25PM ET,WAS,0
WR,Jamison Crowder (29527369),Jamison Crowder,29527369,WR/FLEX,3000,WAS@DEN 09/17/2023 04:25PM ET,WAS,0
WR,Mitchell Tinsley (29527371),Mitchell Tinsley,29527371,WR/FLEX,3000,WAS@DEN 09/17/2023 04:25PM ET,WAS,0
WR,Dax Milne (29527373),Dax Milne,29527373,WR/FLEX,3000,WAS@DEN 09/17/2023 04:25PM ET,WAS,0
WR,Brycen Tremayne (29527375),Brycen Tremayne,29527375,WR/FLEX,3000,WAS@DEN 09/17/2023 04:25PM ET,WAS,0
WR,Kazmeir Allen (29527377),Kazmeir Allen,29527377,WR/FLEX,3000,WAS@DEN 09/17/2023 04:25PM ET,WAS,0
TE,Adam Trautman (29527463),Adam Trautman,29527463,TE/FLEX,3000,WAS@DEN 09/17/2023 04:25PM ET,DEN,8.4
DST,Falcons  (29527689),Falcons ,29527689,DST,2900,GB@ATL 09/17/2023 01:00PM ET,ATL,12
TE,Noah Fant (29527469),Noah Fant,29527469,TE/FLEX,2900,SEA@DET 09/17/2023 01:00PM ET,SEA,0
DST,Seahawks  (29527690),Seahawks ,29527690,DST,2900,SEA@DET 09/17/2023 01:00PM ET,SEA,1
TE,Donald Parham Jr. (29527467),Donald Parham Jr.,29527467,TE/FLEX,2900,LAC@TEN 09/17/2023 01:00PM ET,LAC,11.1
TE,Austin Hooper (29527479),Austin Hooper,29527479,TE/FLEX,2800,LV@BUF 09/17/2023 01:00PM ET,LV,3
DST,Ravens  (29527692),Ravens ,29527692,DST,2800,BAL@CIN 09/17/2023 01:00PM ET,BAL,11
TE,Will Dissly (29527473),Will Dissly,29527473,TE/FLEX,2800,SEA@DET 09/17/2023 01:00PM ET,SEA,3.7
DST,Bears  (29527691),Bears ,29527691,DST,2800,CHI@TB 09/17/2023 01:00PM ET,CHI,0
TE,Daniel Bellinger (29527471),Daniel Bellinger,29527471,TE/FLEX,2800,NYG@ARI 09/17/2023 04:05PM ET,NYG,1.1
TE,Trey McBride (29527477),Trey McBride,29527477,TE/FLEX,2800,NYG@ARI 09/17/2023 04:05PM ET,ARI,4.3
TE,C.J. Uzomah (29527475),C.J. Uzomah,29527475,TE/FLEX,2800,NYJ@DAL 09/17/2023 04:25PM ET,NYJ,0
TE,Michael Mayer (29527487),Michael Mayer,29527487,TE/FLEX,2700,LV@BUF 09/17/2023 01:00PM ET,LV,0
TE,Brock Wright (29527481),Brock Wright,29527481,TE/FLEX,2700,SEA@DET 09/17/2023 01:00PM ET,DET,3.7
TE,Blake Bell (29527483),Blake Bell,29527483,TE/FLEX,2700,KC@JAX 09/17/2023 01:00PM ET,KC,9.2
TE,Robert Tonyan (29527485),Robert Tonyan,29527485,TE/FLEX,2700,CHI@TB 09/17/2023 01:00PM ET,CHI,0
DST,Jets  (29527693),Jets ,29527693,DST,2700,NYJ@DAL 09/17/2023 04:25PM ET,NYJ,20
DST,Cardinals  (29527694),Cardinals ,29527694,DST,2600,NYG@ARI 09/17/2023 04:05PM ET,ARI,19
TE,Brycen Hopkins (29527493),Brycen Hopkins,29527493,TE/FLEX,2600,SF@LAR 09/17/2023 04:05PM ET,LAR,3.1
TE,Luke Schoonmaker (29527489),Luke Schoonmaker,29527489,TE/FLEX,2600,NYJ@DAL 09/17/2023 04:25PM ET,DAL,0
TE,Peyton Hendershot (29527491),Peyton Hendershot,29527491,TE/FLEX,2600,NYJ@DAL 09/17/2023 04:25PM ET,DAL,0
TE,Jonnu Smith (29527577),Jonnu Smith,29527577,TE/FLEX,2500,GB@ATL 09/17/2023 01:00PM ET,ATL,0
TE,MyCole Pruitt (29527585),MyCole Pruitt,29527585,TE/FLEX,2500,GB@ATL 09/17/2023 01:00PM ET,ATL,0
TE,Parker Hesse (29527587),Parker Hesse,29527587,TE/FLEX,2500,GB@ATL 09/17/2023 01:00PM ET,ATL,0
TE,John FitzPatrick (29527589),John FitzPatrick,29527589,TE/FLEX,2500,GB@ATL 09/17/2023 01:00PM ET,ATL,0
TE,Feleipe Franks (29527591),Feleipe Franks,29527591,TE/FLEX,2500,GB@ATL 09/17/2023 01:00PM ET,ATL,0
TE,Tucker Fisk (29527593),Tucker Fisk,29527593,TE/FLEX,2500,GB@ATL 09/17/2023 01:00PM ET,ATL,0
TE,Josiah Deguara (29527603),Josiah Deguara,29527603,TE/FLEX,2500,GB@ATL 09/17/2023 01:00PM ET,GB,0
TE,Tucker Kraft (29527605),Tucker Kraft,29527605,TE/FLEX,2500,GB@ATL 09/17/2023 01:00PM ET,GB,0
TE,Ben Sims (29527607),Ben Sims,29527607,TE/FLEX,2500,GB@ATL 09/17/2023 01:00PM ET,GB,0
TE,Tyler Davis (29527609),Tyler Davis,29527609,TE/FLEX,2500,GB@ATL 09/17/2023 01:00PM ET,GB,0
TE,Austin Allen (29527611),Austin Allen,29527611,TE/FLEX,2500,GB@ATL 09/17/2023 01:00PM ET,GB,0
TE,Quintin Morris (29527495),Quintin Morris,29527495,TE/FLEX,2500,LV@BUF 09/17/2023 01:00PM ET,BUF,0
TE,Zach Davidson (29527497),Zach Davidson,29527497,TE/FLEX,2500,LV@BUF 09/17/2023 01:00PM ET,BUF,0
TE,Joel Wilson (29527499),Joel Wilson,29527499,TE/FLEX,2500,LV@BUF 09/17/2023 01:00PM ET,BUF,0
TE,Jesper Horsted (29527669),Jesper Horsted,29527669,TE/FLEX,2500,LV@BUF 09/17/2023 01:00PM ET,LV,0
TE,John Samuel Shenker (29527671),John Samuel Shenker,29527671,TE/FLEX,2500,LV@BUF 09/17/2023 01:00PM ET,LV,0
TE,Cole Fotheringham (29527673),Cole Fotheringham,29527673,TE/FLEX,2500,LV@BUF 09/17/2023 01:00PM ET,LV,0
TE,Drew Sample (29527535),Drew Sample,29527535,TE/FLEX,2500,BAL@CIN 09/17/2023 01:00PM ET,CIN,0
TE,Mitchell Wilcox (29527537),Mitchell Wilcox,29527537,TE/FLEX,2500,BAL@CIN 09/17/2023 01:00PM ET,CIN,0
TE,Tanner Hudson (29527539),Tanner Hudson,29527539,TE/FLEX,2500,BAL@CIN 09/17/2023 01:00PM ET,CIN,0
TE,Cal Adomitis (29527541),Cal Adomitis,29527541,TE/FLEX,2500,BAL@CIN 09/17/2023 01:00PM ET,CIN,0
TE,Zach Gentry (29527543),Zach Gentry,29527543,TE/FLEX,2500,BAL@CIN 09/17/2023 01:00PM ET,CIN,0
TE,Charlie Kolar (29527651),Charlie Kolar,29527651,TE/FLEX,2500,BAL@CIN 09/17/2023 01:00PM ET,BAL,0
TE,Tyler Ott (29527653),Tyler Ott,29527653,TE/FLEX,2500,BAL@CIN 09/17/2023 01:00PM ET,BAL,0
TE,Travis Vokolek (29527655),Travis Vokolek,29527655,TE/FLEX,2500,BAL@CIN 09/17/2023 01:00PM ET,BAL,0
TE,James Mitchell (29527557),James Mitchell,29527557,TE/FLEX,2500,SEA@DET 09/17/2023 01:00PM ET,DET,0
TE,Shane Zylstra (29527559),Shane Zylstra,29527559,TE/FLEX,2500,SEA@DET 09/17/2023 01:00PM ET,DET,0
TE,Darrell Daniels (29527561),Darrell Daniels,29527561,TE/FLEX,2500,SEA@DET 09/17/2023 01:00PM ET,DET,0
TE,Colby Parkinson (29527613),Colby Parkinson,29527613,TE/FLEX,2500,SEA@DET 09/17/2023 01:00PM ET,SEA,1.8
TE,Tyler Mabry (29527615),Tyler Mabry,29527615,TE/FLEX,2500,SEA@DET 09/17/2023 01:00PM ET,SEA,0
TE,Teagan Quitoriano (29527569),Teagan Quitoriano,29527569,TE/FLEX,2500,IND@HOU 09/17/2023 01:00PM ET,HOU,2.1
TE,Brevin Jordan (29527571),Brevin Jordan,29527571,TE/FLEX,2500,IND@HOU 09/17/2023 01:00PM ET,HOU,0
TE,Dalton Keene (29527573),Dalton Keene,29527573,TE/FLEX,2500,IND@HOU 09/17/2023 01:00PM ET,HOU,0
TE,Jelani Woods (29527575),Jelani Woods,29527575,TE/FLEX,2500,IND@HOU 09/17/2023 01:00PM ET,IND,0
TE,Mo Alie-Cox (29527579),Mo Alie-Cox,29527579,TE/FLEX,2500,IND@HOU 09/17/2023 01:00PM ET,IND,0
TE,Drew Ogletree (29527581),Drew Ogletree,29527581,TE/FLEX,2500,IND@HOU 09/17/2023 01:00PM ET,IND,3
TE,Will Mallory (29527583),Will Mallory,29527583,TE/FLEX,2500,IND@HOU 09/17/2023 01:00PM ET,IND,0
TE,Jody Fortson (29527549),Jody Fortson,29527549,TE/FLEX,2500,KC@JAX 09/17/2023 01:00PM ET,KC,0
TE,Matt Bushman (29527551),Matt Bushman,29527551,TE/FLEX,2500,KC@JAX 09/17/2023 01:00PM ET,KC,0
TE,James Winchester (29527553),James Winchester,29527553,TE/FLEX,2500,KC@JAX 09/17/2023 01:00PM ET,KC,0
TE,Gerrit Prince (29527555),Gerrit Prince,29527555,TE/FLEX,2500,KC@JAX 09/17/2023 01:00PM ET,KC,0
TE,Luke Farrell (29527631),Luke Farrell,29527631,TE/FLEX,2500,KC@JAX 09/17/2023 01:00PM ET,JAX,0
TE,Brenton Strange (29527633),Brenton Strange,29527633,TE/FLEX,2500,KC@JAX 09/17/2023 01:00PM ET,JAX,0
TE,Leonard Taylor (29527635),Leonard Taylor,29527635,TE/FLEX,2500,KC@JAX 09/17/2023 01:00PM ET,JAX,0
TE,Josh Pederson (29527637),Josh Pederson,29527637,TE/FLEX,2500,KC@JAX 09/17/2023 01:00PM ET,JAX,0
DST,Jaguars  (29527695),Jaguars ,29527695,DST,2500,KC@JAX 09/17/2023 01:00PM ET,JAX,11
TE,Marcedes Lewis (29527563),Marcedes Lewis,29527563,TE/FLEX,2500,CHI@TB 09/17/2023 01:00PM ET,CHI,0
TE,Stephen Carlson (29527565),Stephen Carlson,29527565,TE/FLEX,2500,CHI@TB 09/17/2023 01:00PM ET,CHI,0
TE,Patrick Scales (29527567),Patrick Scales,29527567,TE/FLEX,2500,CHI@TB 09/17/2023 01:00PM ET,CHI,0
TE,Ko Kieft (29527595),Ko Kieft,29527595,TE/FLEX,2500,CHI@TB 09/17/2023 01:00PM ET,TB,0
TE,Payne Durham (29527597),Payne Durham,29527597,TE/FLEX,2500,CHI@TB 09/17/2023 01:00PM ET,TB,0
TE,David Wells (29527599),David Wells,29527599,TE/FLEX,2500,CHI@TB 09/17/2023 01:00PM ET,TB,0
TE,Tanner Taula (29527601),Tanner Taula,29527601,TE/FLEX,2500,CHI@TB 09/17/2023 01:00PM ET,TB,0
TE,Tre' McKitty (29527527),Tre' McKitty,29527527,TE/FLEX,2500,LAC@TEN 09/17/2023 01:00PM ET,LAC,0
TE,Stone Smartt (29527529),Stone Smartt,29527529,TE/FLEX,2500,LAC@TEN 09/17/2023 01:00PM ET,LAC,0
TE,Hunter Kampmoyer (29527531),Hunter Kampmoyer,29527531,TE/FLEX,2500,LAC@TEN 09/17/2023 01:00PM ET,LAC,0
TE,Nick Vannett (29527533),Nick Vannett,29527533,TE/FLEX,2500,LAC@TEN 09/17/2023 01:00PM ET,LAC,0
TE,Trevon Wesco (29527623),Trevon Wesco,29527623,TE/FLEX,2500,LAC@TEN 09/17/2023 01:00PM ET,TEN,0
TE,Josh Whyle (29527625),Josh Whyle,29527625,TE/FLEX,2500,LAC@TEN 09/17/2023 01:00PM ET,TEN,0
TE,Kevin Rader (29527627),Kevin Rader,29527627,TE/FLEX,2500,LAC@TEN 09/17/2023 01:00PM ET,TEN,0
TE,Thomas Odukoya (29527629),Thomas Odukoya,29527629,TE/FLEX,2500,LAC@TEN 09/17/2023 01:00PM ET,TEN,0
TE,Lawrence Cager (29527511),Lawrence Cager,29527511,TE/FLEX,2500,NYG@ARI 09/17/2023 04:05PM ET,NYG,3.7
TE,Tommy Sweeney (29527513),Tommy Sweeney,29527513,TE/FLEX,2500,NYG@ARI 09/17/2023 04:05PM ET,NYG,0
TE,Tyree Jackson (29527515),Tyree Jackson,29527515,TE/FLEX,2500,NYG@ARI 09/17/2023 04:05PM ET,NYG,0
TE,Ryan Jones (29527517),Ryan Jones,29527517,TE/FLEX,2500,NYG@ARI 09/17/2023 04:05PM ET,NYG,0
TE,Geoff Swaim (29527657),Geoff Swaim,29527657,TE/FLEX,2500,NYG@ARI 09/17/2023 04:05PM ET,ARI,0
TE,Bernhard Seikovits (29527659),Bernhard Seikovits,29527659,TE/FLEX,2500,NYG@ARI 09/17/2023 04:05PM ET,ARI,0
TE,Blake Whiteheart (29527661),Blake Whiteheart,29527661,TE/FLEX,2500,NYG@ARI 09/17/2023 04:05PM ET,ARI,0
TE,Charlie Woerner (29527501),Charlie Woerner,29527501,TE/FLEX,2500,SF@LAR 09/17/2023 04:05PM ET,SF,0
TE,Ross Dwelley (29527503),Ross Dwelley,29527503,TE/FLEX,2500,SF@LAR 09/17/2023 04:05PM ET,SF,0
TE,Brayden Willis (29527505),Brayden Willis,29527505,TE/FLEX,2500,SF@LAR 09/17/2023 04:05PM ET,SF,0
TE,Cameron Latu (29527507),Cameron Latu,29527507,TE/FLEX,2500,SF@LAR 09/17/2023 04:05PM ET,SF,0
TE,Troy Fumagalli (29527509),Troy Fumagalli,29527509,TE/FLEX,2500,SF@LAR 09/17/2023 04:05PM ET,SF,0
TE,Davis Allen (29527663),Davis Allen,29527663,TE/FLEX,2500,SF@LAR 09/17/2023 04:05PM ET,LAR,0
TE,Hunter Long (29527665),Hunter Long,29527665,TE/FLEX,2500,SF@LAR 09/17/2023 04:05PM ET,LAR,0
TE,Nikola Kalinic (29527667),Nikola Kalinic,29527667,TE/FLEX,2500,SF@LAR 09/17/2023 04:05PM ET,LAR,0
TE,Sean McKeon (29527545),Sean McKeon,29527545,TE/FLEX,2500,NYJ@DAL 09/17/2023 04:25PM ET,DAL,0
TE,Princeton Fant (29527547),Princeton Fant,29527547,TE/FLEX,2500,NYJ@DAL 09/17/2023 04:25PM ET,DAL,0
TE,Jeremy Ruckert (29527617),Jeremy Ruckert,29527617,TE/FLEX,2500,NYJ@DAL 09/17/2023 04:25PM ET,NYJ,0
TE,Kenny Yeboah (29527619),Kenny Yeboah,29527619,TE/FLEX,2500,NYJ@DAL 09/17/2023 04:25PM ET,NYJ,0
TE,Zack Kuntz (29527621),Zack Kuntz,29527621,TE/FLEX,2500,NYJ@DAL 09/17/2023 04:25PM ET,NYJ,0
TE,Chris Manhertz (29527519),Chris Manhertz,29527519,TE/FLEX,2500,WAS@DEN 09/17/2023 04:25PM ET,DEN,0
TE,Nate Adkins (29527521),Nate Adkins,29527521,TE/FLEX,2500,WAS@DEN 09/17/2023 04:25PM ET,DEN,0
TE,Lucas Krull (29527523),Lucas Krull,29527523,TE/FLEX,2500,WAS@DEN 09/17/2023 04:25PM ET,DEN,0
TE,Mitchell Fraboni (29527525),Mitchell Fraboni,29527525,TE/FLEX,2500,WAS@DEN 09/17/2023 04:25PM ET,DEN,0
TE,John Bates (29527639),John Bates,29527639,TE/FLEX,2500,WAS@DEN 09/17/2023 04:25PM ET,WAS,0
TE,Cole Turner (29527641),Cole Turner,29527641,TE/FLEX,2500,WAS@DEN 09/17/2023 04:25PM ET,WAS,2.7
TE,Curtis Hodges (29527643),Curtis Hodges,29527643,TE/FLEX,2500,WAS@DEN 09/17/2023 04:25PM ET,WAS,0
TE,Kaden Smith (29527645),Kaden Smith,29527645,TE/FLEX,2500,WAS@DEN 09/17/2023 04:25PM ET,WAS,0
TE,Armani Rogers (29527647),Armani Rogers,29527647,TE/FLEX,2500,WAS@DEN 09/17/2023 04:25PM ET,WAS,0
TE,Brandon Dillon (29527649),Brandon Dillon,29527649,TE/FLEX,2500,WAS@DEN 09/17/2023 04:25PM ET,WAS,0
DST,Titans  (29527696),Titans ,29527696,DST,2400,LAC@TEN 09/17/2023 01:00PM ET,TEN,9
DST,Rams  (29527697),Rams ,29527697,DST,2300,SF@LAR 09/17/2023 04:05PM ET,LAR,6
DST,Raiders  (29527698),Raiders ,29527698,DST,2200,LV@BUF 09/17/2023 01:00PM ET,LV,3
